<?xml version="1.0" encoding="utf-8"?>
<openerp>
    <data noupdate="1">
		<record model="lopd.recursos.tipos" id="1">
			<field name="name">Backup</field>
		</record>
		<record model="lopd.recursos.tipos" id="2">
			<field name="name">Carpeta compartida</field>
		</record>
		<record model="lopd.recursos.tipos" id="3">
			<field name="name">Cortafuegos</field>
		</record>
		<record model="lopd.recursos.tipos" id="4">
			<field name="name">Hub</field>
		</record>
		<record model="lopd.recursos.tipos" id="5">
			<field name="name">Impresora</field>
		</record>
		<record model="lopd.recursos.tipos" id="6">
			<field name="name">Multifuncional</field>
		</record>
		<record model="lopd.recursos.tipos" id="7">
			<field name="name">Router</field>
		</record>
		<record model="lopd.recursos.tipos" id="8">
			<field name="name">SAI</field>
		</record>
		<record model="lopd.recursos.tipos" id="9">
			<field name="name">Scanner</field>
		</record>
		<record model="lopd.recursos.tipos" id="10">
			<field name="name">Switch</field>
		</record>
		<record model="lopd.recursos.tipos" id="11">
			<field name="name">Otro</field>
		</record>
	</data>
</openerp>
