<?xml version="1.0" encoding="utf-8"?>
<openerp>
    <data noupdate="1">
		<record model="lopd.soportes.tipos" id="1">
			<field name="name">CD-ROM</field>
		</record>
		<record model="lopd.soportes.tipos" id="2">
			<field name="name">Cinta</field>
		</record>
		<record model="lopd.soportes.tipos" id="3">
			<field name="name">Disco duro</field>
		</record>
		<record model="lopd.soportes.tipos" id="4">
			<field name="name">Diskete</field>
		</record>
		<record model="lopd.soportes.tipos" id="5">
			<field name="name">Dvd</field>
		</record>
		<record model="lopd.soportes.tipos" id="6">
			<field name="name">Papel</field>
		</record>
		<record model="lopd.soportes.tipos" id="7">
			<field name="name">Pen-drive</field>
		</record>
		<record model="lopd.soportes.tipos" id="8">
			<field name="name">Otro</field>
		</record>
	</data>
</openerp>
