<?xml version="1.0" encoding="utf-8"?>
<openerp>
    <data noupdate="1">
		<record model="lopd.programas.tipos" id="1">
			<field name="name">Base de datos</field>
		</record>
		<record model="lopd.programas.tipos" id="2">
			<field name="name">Cliente de correo</field>
		</record>
		<record model="lopd.programas.tipos" id="3">
			<field name="name">Compresor/descompresor</field>
		</record>
		<record model="lopd.programas.tipos" id="4">
			<field name="name">CRM</field>
		</record>
		<record model="lopd.programas.tipos" id="5">
			<field name="name">Desarrollo a medida</field>
		</record>
		<record model="lopd.programas.tipos" id="6">
			<field name="name">ERP</field>
		</record>
		<record model="lopd.programas.tipos" id="7">
			<field name="name">Hoja de cálculo</field>
		</record>
		<record model="lopd.programas.tipos" id="8">
			<field name="name">Procesador de texto</field>
		</record>
		<record model="lopd.programas.tipos" id="9">
			<field name="name">Standard</field>
		</record>
		<record model="lopd.programas.tipos" id="10">
			<field name="name">Otro</field>
		</record>
    </data>
</openerp>
