<?xml version="1.0" encoding="utf-8"?>
<openerp>
    <data noupdate="1">
		<record model="lopd.equipos.tipos" id="1">
			<field name="name">Mainframe</field>
		</record>
		<record model="lopd.equipos.tipos" id="2">
			<field name="name">Ordenador personal</field>
		</record>
		<record model="lopd.equipos.tipos" id="3">
			<field name="name">PDA/Pocket PC</field>
		</record>
		<record model="lopd.equipos.tipos" id="4">
			<field name="name">Portátil</field>
		</record>
		<record model="lopd.equipos.tipos" id="5">
			<field name="name">Servidor</field>
		</record>
		<record model="lopd.equipos.tipos" id="6">
			<field name="name">Terminal</field>
		</record>
		<record model="lopd.equipos.tipos" id="7">
			<field name="name">Otro</field>
		</record>
	</data>
</openerp>
