<?xml version="1.0" encoding="utf-8"?>
<openerp>
    <data noupdate="1">
		<record model="lopd.sos.tipos" id="1">
			<field name="name">Linux</field>
		</record>
		<record model="lopd.sos.tipos" id="2">
			<field name="name">Mac</field>
		</record>
		<record model="lopd.sos.tipos" id="3">
			<field name="name">Solaris</field>
		</record>
		<record model="lopd.sos.tipos" id="4">
			<field name="name">Windows</field>
		</record>
		<record model="lopd.sos.tipos" id="5">
			<field name="name">Otros</field>
		</record>
	</data>
</openerp>
