<?xml version="1.0" encoding="utf-8"?>
<openerp>
    <data>

        <!-- ##################
        ### ACCOUNT JOURNAL ###
        ################### -->
        <record id="view_account_journal_form__add_cash_journal" model="ir.ui.view">
            <field name="name">Account journal - Add cash journal (form)</field>
            <field name="model">account.journal</field>
            <field name="type">form</field>
            <field name="inherit_id" ref="account.view_account_journal_form"/>
            <field name="arch" type="xml">
                <field name="entry_posted" position="after">
                    <field name="cash_journal"/>
                </field>
            </field>
        </record>

        <!-- Add quarter configuration on periods  -->
        <record id="view_account_period_quarter_form" model="ir.ui.view">
            <field name="name">account.period.quarter.form</field>
            <field name="model">account.period</field>
            <field name="type">form</field>
            <field name="inherit_id" ref="account.view_account_period_form"/>
            <field name="arch" type="xml">
                    <field name="date_stop" position="after">
                      <field name="quarter"/>
                    </field>
            </field>
        </record>

        <record id="view_account_period_quarter_tree" model="ir.ui.view">
            <field name="name">account.period.quarter.tree</field>
            <field name="model">account.period</field>
            <field name="type">tree</field>
            <field name="inherit_id" ref="account.view_account_period_tree"/>
            <field name="arch" type="xml">
                    <field name="date_stop" position="after">
                      <field name="quarter" />
                    </field>                        
            </field>
        </record>

    </data>
</openerp>
