<?xml version="1.0" encoding="utf-8"?>
<openerp>
    <data>

        <!-- ################################
        ### AEAT MODEL 347 PARTNER RECORD ###
        ################################# -->
        <!-- Tree view -->
        <record model="ir.ui.view" id="view_l10n_es_aeat_mod347_partner_record_tree">
            <field name="name">l10n.es.aeat.mod347.partner_record.tree</field>
            <field name="model">l10n.es.aeat.mod347.partner_record</field>
            <field name="type">tree</field>
            <field name="arch" type="xml">
                <tree string="Partner Records" colors="">
                    <field name="operation_key" select="1"/>
                    <field name="partner_vat" select="1"/>
                    <field name="partner_id" select="1"/>
                    <field name="amount" select="2"/>
                    <field name="insurance_operation" select="2"/>
                    <field name="bussiness_real_state_rent" select="2"/>
                    <field name="cash_amount" select="2"/>
                    <field name="real_state_transmissions_amount" select="2"/>
                </tree>
            </field>
        </record>

        <!-- Form view -->
        <record model="ir.ui.view" id="view_l10n_es_aeat_mod347_partner_record_form">
            <field name="name">l10n.es.aeat.mod347.partner_record.form</field>
            <field name="model">l10n.es.aeat.mod347.partner_record</field>
            <field name="type">form</field>
            <field name="arch" type="xml">
                <form string="Partner Record">
                    <field name="report_id" invisible="1"/>
                    <notebook colspan="4">
                        <page string="Partner info">
                            <group colspan="4">
                                <field name="partner_id" on_change="on_change_partner_id(partner_id)" required="1" select="1" colspan="4"/>
                                <field name="partner_vat" select="1"/>
                                <field name="representative_vat" select="2"/>
                                <field name="partner_state_code"/>
                                <field name="partner_country_code"/>
                                <field name="operation_key" select="2" colspan="4"/>
                            </group>
                            <group colspan="4" col="6">
                                <field name="amount"/>
                                <field name="cash_amount"/>
                                <field name="origin_fiscalyear_id"/>
                                <field name="real_state_transmissions_amount" />
                            </group>
                            <group colspan="4" col="4">
                                <field name="first_quarter"/>
                                <field name="first_quarter_real_state_transmission_amount"/>
                                <field name="second_quarter"/>
                                <field name="second_quarter_real_state_transmission_amount"/>
                                <field name="third_quarter"/>
                                <field name="third_quarter_real_state_transmission_amount"/>
                                <field name="fourth_quarter"/>
                                <field name="fourth_quarter_real_state_transmission_amount"/>
                            </group>

                            <group colspan="4">
                                <field name="insurance_operation"/>
                                <field name="bussiness_real_state_rent"/>
                            </group>
                        </page>
                        <page string="Real state info" attrs="{'invisible': [('bussiness_real_state_rent','=',False)]}">
                            <field name="real_state_record_ids" nolabel="1" context="{'report_id': report_id, 'partner_id': partner_id, 'partner_vat': partner_vat, 'representative_vat': representative_vat}"/>
                        </page>
                        <page string="Details">
                            <field name="invoice_record_ids" nolabel="1" context="{'partner_record_id': active_id}" readonly="True">
                                <tree string="Invoice records">
                                    <field name="invoice_id" select="1"/>
                                    <field name="date" select="1"/>
                                    <field name="amount" select="1"/>
                                </tree>
                                <form string="Invoice record">
                                    <field name="invoice_id" select="1" readonly="True"/>
                                    <field name="date" select="1" readonly="True"/>
                                    <field name="amount" select="1" readonly="True"/>
                                </form>
                            </field>
                            <field name="cash_record_ids" nolabel="1" context="{'partner_record_id': active_id}" readonly="True">
                                <tree string="Cash records">
                                    <field name="move_line_id" select="1"/>
                                    <field name="date" select="1"/>
                                    <field name="amount" select="1"/>
                                </tree>
                                <form string="Cash record">
                                    <field name="move_line_id" select="1" readonly="True"/>
                                    <field name="date" select="1" readonly="True"/>
                                    <field name="amount" select="1" readonly="True"/>
                                </form>
                            </field>
                        </page>
                    </notebook>
                </form>
            </field>
        </record>



        <!-- ############################################
        ### AEAT MODEL 347 PARTNER REAL STATE RECORDS ###
        ############################################# -->
        <!-- Tree view -->
        <record id="view_l10n_es_aeat_mod347_real_state_record_tree" model="ir.ui.view">
            <field name="name">l10n.es.aeat.mod347.real_state_record.tree</field>
            <field name="model">l10n.es.aeat.mod347.real_state_record</field>
            <field name="type">tree</field>
            <field name="arch" type="xml">
                <tree string="Real State Records" colors="">
                    <field name="partner_vat" select="1"/>
                    <field name="partner_id" select="1"/>
                    <field name="reference" select="2"/>
                    <field name="amount"/>
                    <field name="address"/>
                    <field name="number"/>
                    <field name="city"/>
                    <field name="township"/>
                </tree>
            </field>
        </record>

        <!-- Form view -->
        <record id="view_l10n_es_aeat_mod347_real_state_record_form" model="ir.ui.view">
            <field name="name">l10n.es.aeat.mod347.real_state_record.form</field>
            <field name="model">l10n.es.aeat.mod347.real_state_record</field>
            <field name="type">form</field>
            <field name="arch" type="xml">
                <form string="Real State Record">
                    <field name="report_id" invisible="1"/>
                    <group string="Partner info" colspan="4">
                        <field name="partner_id" on_change="on_change_partner_id(partner_id)" required="1" select="1" colspan="4"/>
                        <field name="partner_vat" select="1"/>
                        <field name="representative_vat" select="2"/>
                    </group>
                    <group string="Real state info" colspan="4">
                        <field name="amount"/>
                        <newline/>
                        <field name="situation" colspan="4"/>
                        <field name="reference"/>
                    </group>
                    <group string="Real state address" colspan="4">
                        <group colspan="4" col="6">
                            <field name="address_type"/>
                            <field name="address"/>
                        </group>
                        <group colspan="4" col="6">
                            <field name="number_type"/>
                            <field name="number"/>
                            <field name="number_calification"/>
                        </group>
                        <group colspan="4" col="10">
                            <field name="block"/>
                            <field name="portal"/>
                            <field name="stairway"/>
                            <field name="floor"/>
                            <field name="door"/>
                        </group>
                        <group colspan="4">
                            <field name="complement"/>
                            <field name="city"/>
                        </group>
                        <group colspan="4" col="8">
                            <field name="township"/>
                            <field name="township_code"/>
                            <field name="state_code"/>
                            <field name="postal_code"/>
                        </group>
                    </group>
                </form>
            </field>
        </record>



        <!-- #################
        ### AEAT MODEL 347 ###
        ################## -->
        <!-- Tree view -->
        <record id="view_l10n_es_aeat_mod347_report_tree" model="ir.ui.view">
            <field name="name">AEAT Model 347 (tree)</field>
            <field name="model">l10n.es.aeat.mod347.report</field>
            <field name="type">tree</field>
            <field name="arch" type="xml">
                <tree string="AEAT 347 Reports">
                    <field name="number"/>
                    <field name="company_id"/>
                    <field name="fiscalyear_id"/>
                    <field name="type"/>
                    <field name="previous_number"/>
                    <field name="support_type"/>
                </tree>
            </field>
        </record>

        <!-- Form view -->
        <record id="view_l10n_es_aeat_mod347_report_form" model="ir.ui.view">
            <field name="name">AEAT Model 347 (form)</field>
            <field name="model">l10n.es.aeat.mod347.report</field>
            <field name="type">form</field>
            <field name="arch" type="xml">
                <form string="AEAT 347 Report">
                    <group string="Declaration" colspan="4">
                        <field name="company_id" on_change="on_change_company_id(company_id)" required="1" select="1"/>
                        <field name="fiscalyear_id" select="1"/>
                        <field name="number"/>
                        <field name="support_type"/>
                    </group>
                    <notebook colspan="4">
                        <page string="General">
                            <group string="Identification" colspan="4">
                                <field name="company_vat" required="1"/>
                                <field name="contact_phone"/>
                                <field name="contact_name" colspan="4"/>
                                <field name="representative_vat"/>
                            </group>
                            <group string="Susbtitutive/complementary declaration" colspan="4">
                                <field name="type"/>
                                <field name="previous_number"/>
                            </group>
                            <group string="Summary" colspan="4">
                                <field name="total_partner_records"/>
                                <field name="total_amount"/>
                                <field name="total_real_state_records"/>
                                <field name="total_real_state_amount"/>
                            </group>
                            <group string="Calculation" colspan="4">
                                <field name="operations_limit"/>
                                <field name="received_cash_limit"/>
                                <field name="charges_obtp_limit"/>
                                <field name="group_by_cif"/>
                            </group>
                            <group colspan="4">
                                <field name="state" select="2" readonly="1"/>
                                <field name="calculation_date" select="2" readonly="1"/>
                            </group>
                            <group colspan="4" col="10">
                                <button name="button_calculate"
                                        type="object"
                                        string="Calculate"
                                        states="draft"
                                        icon="gtk-execute"/>
                                <button name="button_recalculate"
                                        type="object"
                                        string="Recalculate"
                                        states="calculating,calculated"
                                        icon="gtk-execute"/>
                                <button name="button_export"
                                        type="object"
                                        string="Export to BOE"
                                        states="done"
                                        icon="gtk-execute"/>
                                <button name="confirm" string="Confirm" type="workflow" states="calculated" icon="gtk-ok"/>
                                <button name="cancel" string="Cancel" type="workflow" states="calculated,done" icon="gtk-cancel"/>
                                <button name="action_recover" string="Draft" type="object" states="canceled" icon="gtk-undo"/>
                            </group>
                        </page>
                        <page string="Partner records">
                            <field name="partner_record_ids" nolabel="1" context="{'report_id': active_id}"/>
                        </page>
                        <page string="Real State records">
                            <field name="real_state_record_ids" nolabel="1" context="{'report_id': active_id}"/>
                        </page>
                    </notebook>
                </form>
            </field>
        </record>

        <record id="view_l10n_es_aeat_mod347_report_search" model="ir.ui.view">
            <field name="name">AEAT Model 347 (search)</field>
            <field name="model">l10n.es.aeat.mod347.report</field>
            <field name="type">search</field>
            <field name="arch" type="xml">
                <search string="AEAT 347">
                    <group col="8" colspan="4">
                        <filter icon="terp-gtk-media-pause" string="Draft" domain="[('state','=','draft')]" help="Draft models"/>
                        <filter icon="gtk-execute" string="In process" domain="[('state','in',('calculating', 'calculated'))]" help="In process models"/>
                        <filter icon="terp-camera_test" string="Done" domain="[('state','=','done')]" help="Confirmed models"/>
                        <filter icon="gtk-cancel" string="Cancelled" domain="[('state', '=', 'canceled')]" help="Cancelled models"/>
                        <separator orientation="vertical"/>
                        <filter string="Fiscal Year" icon="terp-folder-orange" domain="[]" context="{'group_by':'fiscalyear_id'}"/>
                        <separator orientation="vertical"/>
                        <filter string="Company" icon="terp-personal" domain="[]" context="{'group_by':'company_id'}"/>
                    </group>
                    <newline/>
                    <field name="number"/>
                    <field name="type"/>
                    <field name="support_type"/>
                </search>
            </field>
        </record>

        <!-- Window action -->
        <record id="action_l10n_es_aeat_mod347_report" model="ir.actions.act_window">
            <field name="name">AEAT Model 347</field>
            <field name="res_model">l10n.es.aeat.mod347.report</field>
            <field name="view_type">form</field>
            <field name="view_mode">tree,form</field>
            <field name="help">Create and query AEAT Model 347 Reports</field>
        </record>
        


        <!--
        ### MENU ACCESS ###
        -->
        <menuitem
            id="menu_aeat_mod347_report"
            parent="l10n_es_aeat.menu_root_aeat"
            action="action_l10n_es_aeat_mod347_report"
            sequence="50"
            name="AEAT 347 Model"/>
                
    </data>
</openerp>
