<?xml version="1.0" encoding="utf-8"?>
<openerp>
	<data>
		<!-- //////////////////////////////////////////////////////////////////////////////////////// -->
		<!-- Vista responsable -->
		<!-- //////////////////////////////////////////////////////////////////////////////////////// -->

		<record id="vista_responsable_form" model="ir.ui.view">
			<field name="name">lopd.responsable.form</field>
			<field name="model">lopd.responsable</field>
			<field name="type">form</field>
			<field name="arch" type="xml">
				<form string="Responsable de seguridad">	
					<group colspan="4" col="10">
						<field name="persona" />
						<field name="dataload" on_change="datos_empresa(persona)" />
						<!--<button name="datos_empresa" type="object" string="Cargar datos de la empresa" states="draft" icon="gtk-go-forward" />-->
						<newline />
						<field name="name" select="1" colspan="4"/>
						<field name="nif" />
						<field name="cargo" colspan="4"/>				
					</group>
					<newline />
					<group colspan="4" col="6" attrs="{'invisible':[('dataload','=',True)]}" >
						<separator string="Localización" colspan="4" />
						
						<separator string="Contacto" colspan="2" />
						<newline />
						<field name="domicilio" colspan="4" />
						<field name="tlf" />
						<newline />
						<field name="cp" />
						<field name="localidad" />
						<field name="fax" />
						<newline />
						<field name="provincia" />
						<field name="pais" />
						<field name="email" widget="email" />

					</group>
					<newline />
					<separator string="Ficheros" />
					<newline />
					<field name="id_fichero" nolabel="1" />
				</form>
			</field>
		</record>

		<record id="vista_responsable_arbol" model="ir.ui.view">
			<field name="name">lopd.responsable.tree</field>
			<field name="model">lopd.responsable</field>
			<field name="type">tree</field>
			<field name="arch" type="xml">
				<tree string="Responsables registrados">
					<field name="name"/>
					<field name="nif" />
					<field name="cargo" />
					<field name="tlf" />
				</tree>
			</field>
		</record>

		<record id="accion_responsable_arbol" model="ir.actions.act_window">
			<field name="name">Responsables de seguridad</field>
			<field name="res_model">lopd.responsable</field>
			<field name="view_type">form</field>
			<field name="view_mode">tree,form</field>
			<field name="domain">[]</field>
		</record>

		<record id="accion_responsable_form" model="ir.actions.act_window">
			<field name="name">Responsable de seguridad</field>
			<field name="res_model">lopd.responsable</field>
			<field name="view_type">form</field>
			<field name="view_mode">form,tree</field>
		</record>

	</data>
</openerp>


