<?xml version="1.0" encoding="utf-8"?>
<openerp>
	<data>
		<!-- //////////////////////////////////////////////////////////////////////////////////////// -->
		<!-- Solicitudes -->
		<!-- //////////////////////////////////////////////////////////////////////////////////////// -->

		<!-- Vista arbol -->
		<record id="vista_solicitud_arbol" model="ir.ui.view">
			<field name="name">lopd.solicitud.tree</field>
			<field name="model">lopd.solicitud</field>
			<field name="type">tree</field>
			<field name="arch" type="xml">
				<tree string="Lista de solicitudes asociadas al fichero">
					<field name="name" />
					<field name="tipo" />
					<field name="fecha" />
					<field name="usuario" />
					<!--<field name="archivo_pdf" />-->
				</tree>
			</field>
		</record>

		<!-- Vista formulario -->
		<record id="vista_solicitud_form" model="ir.ui.view">
			<field name="name">lopd.solicitud.form</field>
			<field name="model">lopd.solicitud</field>
			<field name="type">form</field>
			<field name="arch" type="xml">
				<form string="Solicitud">
					<group col="2" width="400">
						<field name="name" />
						<field name="archivo_pdf" />
						<field name="tipo" />
						<field name="fecha" />
						<field name="usuario" />
					</group>
				</form>
			</field>
		</record>

		<!-- acciones -->
		<record id="accion_solicitud_arbol" model="ir.actions.act_window">
			<field name="name">Lista de solicitudes asociadas</field>
			<field name="res_model">lopd.solicitud</field>
			<field name="view_type">form</field>
			<field name="view_mode">tree,form</field>
			<field name="domain">[]</field>
		</record>

	</data>
</openerp>
