<?xml version="1.0" encoding="utf-8"?>
<openerp>
	<data>
		<!-- //////////////////////////////////////////////////////////////////////////////////////// -->
		<!-- Extensión de la vista de partner -->
		<!-- //////////////////////////////////////////////////////////////////////////////////////// -->

		<record model="ir.ui.view" id="view_res_partner_form_ext">
		    <field name="name">res.partner.form.ext</field>
		    <field name="model">res.partner</field>
		    <field name="inherit_id" ref="base.view_partner_form"/>
		    <field name="arch" type="xml">
				<field name="lang" position="after">
					<field name="actividad" widget="selection" colspan="4"/>
				</field>
				<field name="supplier" position="after">
					<field name="encargado" string="Encargado"/>
				</field>
				<page string="General" position="after">
					<page string="Relaciones de encargado con Ficheros" attrs="{'invisible':[('encargado','=',False)]}">
						<field name="id_fichero" nolabel="1" />
					</page>
				</page>
		    </field>
		</record>

		<record model="ir.ui.view" id="view_res_partner_filter_blank">
		    <field name="name">res.partner.filter.blank</field>
		    <field name="model">res.partner</field>
            <field eval="50" name="priority"/>
		    <field name="arch" type="xml">
				<field name="name" />
		    </field>
		</record>

        <record id="accion_empresa" model="ir.actions.act_window">
            <field name="name">Datos de la compañía</field>
            <field name="type">ir.actions.act_window</field>
            <field name="res_model">res.partner</field>
            <field name="view_type">form</field>
			<field name="view_mode">tree,form</field>
			<field name="view_id" ref="view_res_partner_form_ext"/>
    		<field name="filter" eval="True"/>
            <!-- 
            <field name="search_view_id" ref="view_res_partner_filter_blank"/>
            -->
            <field name="domain">[('id','=',1)]</field>
			<!--<field name="context">{}</field>-->
            <field name="help">Aquí se muestran los datos de la compañía junto con la que se ha instalado la aplicación.&#xD;Será necesario cumplimentar los datos de la compañía en la ventana de contactos en la cual podrá agregar más contactos si se desea.&#xD;Para cumplimentar el CIF/NIF de la compañía deberá tener acceso a la pestaña de contabilidad.</field>
        </record>

        <record id="accion_vista_arbol_empresa" model="ir.actions.act_window.view">
            <field eval="15" name="sequence"/>
            <field name="view_mode">tree</field>
            <field name="view_id" ref="base.view_partner_tree"/>
            <field name="act_window_id" ref="accion_empresa"/>
        </record>
        <record id="accion_vista_formulario_empresa" model="ir.actions.act_window.view">
            <field eval="15" name="sequence"/>
            <field name="view_mode">form</field>
            <field name="view_id" ref="view_res_partner_form_ext"/>
            <field name="act_window_id" ref="accion_empresa"/>
        </record>

        <record id="accion_encargados" model="ir.actions.act_window">
            <field name="name">Encargados de tratamiento</field>
            <field name="type">ir.actions.act_window</field>
            <field name="res_model">res.partner</field>
            <field name="view_type">form</field>
			<field name="filter" eval="True"/>
            <field name="search_view_id" ref="base.view_res_partner_filter"/>
            <field name="domain">[('encargado','=',1)]</field>
        </record>

        <record id="accion_vista_arbol_encargados" model="ir.actions.act_window.view">
            <field eval="15" name="sequence"/>
            <field name="view_mode">tree</field>
            <field name="view_id" ref="base.view_partner_tree"/>
            <field name="act_window_id" ref="accion_encargados"/>
        </record>
        <record id="accion_vista_formulario_encargados" model="ir.actions.act_window.view">
            <field eval="15" name="sequence"/>
            <field name="view_mode">form</field>
            <field name="view_id" ref="base.view_partner_form"/>
            <field name="act_window_id" ref="accion_encargados"/>
        </record>



	</data>
</openerp>


