<?xml version="1.0" encoding="utf-8"?>
<openerp>
	<data>


		<!-- //////////////////////////////////////////////////////////////////////////////////////// -->
		<!-- Sitemas operativos -->
		<!-- //////////////////////////////////////////////////////////////////////////////////////// -->

		<record id="vista_sos_form" model="ir.ui.view">
			<field name="name">lopd.sos.form</field>
			<field name="model">lopd.sos</field>
			<field name="type">form</field>
			<field name="arch" type="xml">
				<form string="Registro de Sistemas Operativos">	
					<group colspan="4" col="6">
						<field name="name" widget="selection" select="1" />
						<field name="version" />
						<field name="fabricante" />
						<newline />
						<field name="f_inst" />
						<field name="sca" />
						<field name="lif" />
					</group>
					<!--
					<group col="10">
						<label string="" colspan="2" />
						<button name="action_dummy" string="Nuevo" type="object" icon="gtk-new" />
						<button name="action_dummy" string="Guardar" type="object" icon="gtk-save" />
						<button name="action_dummy" string="Borrar" type="object" icon="gtk-delete" />
						<button name="action_dummy" string="Cancelar" type="object" icon="gtk-cancel" />
						<button name="action_dummy" string="Anterior" type="object" icon="gtk-go-back" />
						<button name="action_dummy" string="Siguiente" type="object" icon="gtk-go-forward"/>
						<label string="" colspan="2" />
					</group>
					-->
					<separator string="Programas que funcionan en este sistema" colspan="6"/>
					<field name="id_programas" widget="many2many" nolabel="1" />
				</form>
			</field>
		</record>

		<record id="vista_sos_arbol" model="ir.ui.view">
			<field name="name">lopd.sos.tree</field>
			<field name="model">lopd.sos</field>
			<field name="type">tree</field>
			<field name="arch" type="xml">
				<tree string="Sistemas Operativos registrados">
					<field name="name"/>
					<field name="version" />
					<field name="fabricante" />
					<field name="f_inst" />
					<field name="sca" />
					<field name="lif" />
				</tree>
			</field>
		</record>

		<record id="accion_sos_arbol" model="ir.actions.act_window">
			<field name="name">Registro de Sitemas Operativos</field>
			<field name="res_model">lopd.sos</field>
			<field name="view_type">form</field>
			<field name="view_mode">tree,form</field>
			<field name="domain">[]</field>
            <field name="help">Deben ser incluidos todos los sistemas operativos que traten datos de carácter personal, además se debe indicar la versión del sistema operativo y en caso de disponer de licencia, especificar la misma. También se le pedirá el nombre del fabricante y la fecha en que el sistema ha sido instalado.&#xD;
El sistema de control de accesos (SCA) hace referencia a la petición de usuario y contraseña para manejar el equipo y la limitación de intentos fallidos (LIF), bloquea el acceso al sistema tras un número limitado de fallos al intentar autenticarse.</field>
		</record>
		<record id="accion_sos_form" model="ir.actions.act_window">
			<field name="name">Sistema Operativo</field>
			<field name="res_model">lopd.sos</field>
			<field name="view_type">form</field>
			<field name="view_mode">form,tree</field>
		</record>



		<!-- //////////////////////////////////////////////////////////////////////////////////////// -->
		<!-- Programas -->
		<!-- //////////////////////////////////////////////////////////////////////////////////////// -->

		<record id="vista_programas_form" model="ir.ui.view">
			<field name="name">lopd.programas.form</field>
			<field name="model">lopd.programas</field>
			<field name="type">form</field>
			<field name="arch" type="xml">
				<form string="Registro de programas">	
					<group colspan="4" col="6">
						<field name="name" />
						<field name="f_inst" />
						<newline />
						<field name="descripcion" />
						<field name="tipo" widget="selection" />
						<newline />
						<field name="p_licencia" />
						<field name="licencia" />
						<newline />
						<field name="version" />
						<field name="fabricante" />
						<newline />
						<field name="sca" />
						<field name="lif" />
					</group>
					<separator string="Sistemas operativos en que funciona" />
					<newline />
					<field name="id_sos" nolabel="1" />
				</form>
			</field>
		</record>

		<record id="vista_programas_arbol" model="ir.ui.view">
			<field name="name">lopd.programas.tree</field>
			<field name="model">lopd.programas</field>
			<field name="type">tree</field>
			<field name="arch" type="xml">
				<tree string="Programas registrados">
					<field name="name"/>
					<field name="version" />
					<field name="f_inst" />
					<field name="sca" />
					<field name="lif" />
				</tree>
			</field>
		</record>

		<record id="accion_programas_arbol" model="ir.actions.act_window">
			<field name="name">Registro de programas</field>
			<field name="res_model">lopd.programas</field>
			<field name="view_type">form</field>
			<field name="view_mode">tree,form</field>
			<field name="domain">[]</field>
			<field name="help">Deben ser registrados todos los programas que traten datos de carácter personal, indicando la fecha de instalación del mismo y añadir una breve descripcción, su función e indicar que tipo de programa se trata.&#xD;En caso de disponer de licencia para el programa, esta deberá ser cumplimentada, además debe indicar la versión y el fabricante del mismo.&#xD;La limitación de accesos es para aquellos programas que tengan un mecanismo de identificación que impida el acceso en casa de introducir una contraseña incorrecta un número limitado de veces.&#xD;También debería indicar en que Sistemas Operativos funciona el programa.</field>
		</record>


		<!-- //////////////////////////////////////////////////////////////////////////////////////// -->
		<!-- Vistas de equipos -->
		<!-- //////////////////////////////////////////////////////////////////////////////////////// -->
		<record id="vista_equipos_form" model="ir.ui.view">
			<field name="name">lopd.equipos.form</field>
			<field name="model">lopd.equipos</field>
			<field name="type">form</field>
			<field name="arch" type="xml">
				<form string="Registro de Equipos">	
					<group colspan="4" col="6">
						<field name="name" select="1"/>
						<field name="tipo" widget="selection"/>
						<field name="id_locales" widget="selection"/>
						<newline />
						<field name="f_alta" />
						<field name="f_baja" />
						<field name="p_destruccion"/>
						<field colspan="4" name="descripcion" />
					</group>

					<group colspan="2">
						<separator string="Relaciones Equipos-Recursos" colspan="6"/>
						<field name="id_recursos" widget="many2many" nolabel="1" />	
					</group>
					<group colspan="2">
						<separator string="Relaciones Equipos-Programas" colspan="6"/>
						<field name="id_programas" widget="many2many" nolabel="1" />
					</group>
				</form>
			</field>
		</record>

		<record id="vista_equipos_arbol" model="ir.ui.view">
			<field name="name">lopd.equipos.tree</field>
			<field name="model">lopd.equipos</field>
			<field name="type">tree</field>
			<field name="arch" type="xml">
				<tree string="Equipos registrados">
					<field name="name"/>
					<field name="tipo" />
					<field name="id_locales" />
					<field name="f_alta" />
				</tree>
			</field>
		</record>

		<record id="accion_equipos_arbol" model="ir.actions.act_window">
			<field name="name">Registro de equipos</field>
			<field name="res_model">lopd.equipos</field>
			<field name="view_type">form</field>
			<field name="view_mode">tree,form</field>
			<field name="domain">[]</field>
			<field name="help">Debe registrar sólo los equipos que contengan datos de carácter personal, hágalo con un identificador diferente para cada uno, puede identificarlos usando como parte de la referencia el departamente al que pertecen o al modelo de los mismos. Ej. "Investigación 01", "Investigación 02", "Investigación 03", ... "Equipo 01", "Equipo 02", "Equipo 03"...&#xD;Debe incluir una pequeña descripción e indicar del tipo de equipo del que se trata, la fecha de alta en la que se empezaron a tratar los datos en el equipo y la de baja en caso que el equipo haya dejado de utilizarse para tratar los datos. El procedimiento de destrucción ha de garantizar que los datos de carácter personal no puedan ser recuperados.</field>
		</record>
	

		<!-- //////////////////////////////////////////////////////////////////////////////////////// -->
		<!-- Recursos -->
		<!-- //////////////////////////////////////////////////////////////////////////////////////// -->

		<record id="vista_recursos_form" model="ir.ui.view">
			<field name="name">lopd.recursos.form</field>
			<field name="model">lopd.recursos</field>
			<field name="type">form</field>
			<field name="arch" type="xml">
				<form string="Registro de Recursos">	
					<group colspan="2" col="4">
						<field name="tipo" widget="selection" select="1"/>
						<field name="name" />
						<newline />
						<label string=" " />
						<group colspan="1" attrs="{'invisible':[('tipo','!=',2)]}">
						<field name="lectura" />
						</group>
						<group colspan="2" attrs="{'invisible':[('tipo','!=',2)]}">
						<field name="escritura" />
						</group>
						<field name="f_alta" />
						<field name="f_baja" />
						<newline />
						<field colspan="4" name="descripcion" />						
					</group>
					<group colspan="2" col="4">
						<separator string="Tipo de red" colspan="2" col="2"/>
						<newline />
						<field name="corpnet" /><newline />
						<field name="intranet" /><newline />
						<field name="internet" /><newline />
						<newline />					
						<field name="url" />
					</group>
					<separator string="Equipos relacionados con el recurso" colspan="4" />
					<newline />
					<field name="id_equipos" widget="many2many" nolabel="1" colspan="4" />
				</form>
			</field>
		</record>

		<record id="vista_recursos_arbol" model="ir.ui.view">
			<field name="name">lopd.recursos.tree</field>
			<field name="model">lopd.recursos</field>
			<field name="type">tree</field>
			<field name="arch" type="xml">
				<tree string="Recursos registrados">
					<field name="tipo"/>
					<field name="name" />
					<field name="f_alta" />
				</tree>
			</field>
		</record>

		<record id="accion_recursos_arbol" model="ir.actions.act_window">
			<field name="name">Registro de recursos</field>
			<field name="res_model">lopd.recursos</field>
			<field name="view_type">form</field>
			<field name="view_mode">tree,form</field>
			<field name="domain">[]</field>
			<field name="help">Se deben registrar sólo los recursos que traten datos de carácter personal, e indicar el tipo de recurso del que se trata, además de indicar un identificador único para cada recurso. Ej. multifunción 01, Scanner 01,...&#xD;Se debe indicar la fecha de alta y baja de los recursos que traten datos de carácter personal de los ficheros, indicar el tipo de red del que dispone y en caso de disponer indicar la dirección de su página web.</field>
		</record>
	
		<!-- //////////////////////////////////////////////////////////////////////////////////////// -->
		<!-- Locales -->
		<!-- //////////////////////////////////////////////////////////////////////////////////////// -->

		<record id="vista_locales_form" model="ir.ui.view">
			<field name="name">lopd.locales.form</field>
			<field name="model">lopd.locales</field>
			<field name="type">form</field>
			<field name="arch" type="xml">
				<form string="Registro de locales">	
					<group colspan="2">
						<field name="name" colspan="4" />
						<field name="descripcion" colspan="4" />
					</group>
					<group colspan="2">
						<field name="f_alta" />
						<field name="f_baja" />
						<newline />
						<field name="domicilio" colspan="4" />
						<newline />
						<field name="cp" />
						<field name="localidad"/>
						<newline />
						<field name="provincia"/>
						<field name="pais" completion="1" />
						<field name="tlf" />
						<field name="fax" />
					</group>
					<field name="id_equipos" nolabel="1" colspan="2" context="{'id_locales':active_id}"/>
					<field name="id_departamentos" nolabel="1" colspan="2" context="{'locales':active_id}"/>
				</form>
			</field>
		</record>

		<record id="vista_locales_arbol" model="ir.ui.view">
			<field name="name">lopd.locales.tree</field>
			<field name="model">lopd.locales</field>
			<field name="type">tree</field>
			<field name="arch" type="xml">
				<tree string="Locales registrados">
					<field name="name" />
					<field name="domicilio" />
					<field name="cp" />
					<field name="localidad" />
					<field name="tlf" />
					<field name="fax" />
				</tree>
			</field>
		</record>

		<record id="accion_locales_arbol" model="ir.actions.act_window">
			<field name="name">Registro de locales</field>
			<field name="res_model">lopd.locales</field>
			<field name="view_type">form</field>
			<field name="view_mode">tree,form</field>
			<field name="domain">[]</field>
			<field name="help">Debe identificar y describir los locales donde esten ubicados los ficheros de carácter personal. Asi mismo indicar la fecha de alta de acceso y de baja.</field>
		</record>
	
		<!-- //////////////////////////////////////////////////////////////////////////////////////// -->
		<!-- Departamentos -->
		<!-- //////////////////////////////////////////////////////////////////////////////////////// -->

		<record id="vista_deptartamentos_form" model="ir.ui.view">
			<field name="name">lopd.departamentos.form</field>
			<field name="model">lopd.departamentos</field>
			<field name="type">form</field>
			<field name="arch" type="xml">
				<form string="Registro de departamentos">	
					<group colspan="2">
						<field name="name" colspan="4"/>
						<newline />
						<field name="locales" widget="selection" />
						<newline />
						<separator string="Descripcción" colspan="4" />
						<field name="descripcion" colspan="4" nolabel="1" />
					</group>
					<group colspan="2">
						<field name="id_zars" nolabel="1" context="{'locales':locales,'departamento':active_id}" />	
					</group>
				</form>
			</field>
		</record>

		<record id="vista_departamentos_arbol" model="ir.ui.view">
			<field name="name">lopd.departamentos.tree</field>
			<field name="model">lopd.departamentos</field>
			<field name="type">tree</field>
			<field name="arch" type="xml">
				<tree string="Departamentos registrados">
					<field name="name" />
					<field name="locales" />
				</tree>
			</field>
		</record>

		<record id="accion_departamentos_arbol" model="ir.actions.act_window">
			<field name="name">Registro de departamentos</field>
			<field name="res_model">lopd.departamentos</field>
			<field name="view_type">form</field>
			<field name="view_mode">tree,form</field>
			<field name="domain">[]</field>
			<field name="help">Los departamentos son zonas delimitadas dentro de un local, por lo que debe indicar al local al que pertenecen y un nombre único, para identificarlo, además debería incluir una pequeña descripcción del mismo.</field>
		</record>
	
		<!-- //////////////////////////////////////////////////////////////////////////////////////// -->
		<!-- Zonas de acceso restringido 'ZAR' -->
		<!-- //////////////////////////////////////////////////////////////////////////////////////// -->

		<record id="vista_zar_form" model="ir.ui.view">
			<field name="name">lopd.zar.form</field>
			<field name="model">lopd.zar</field>
			<field name="type">form</field>
			<field name="arch" type="xml">
				<form string="Registro de zonas de acceso restringido">	
					<group colspan="4" col="6">
						<field name="name" colspan="2" />
						<newline />
						<field name="locales" colspan="2" widget="selection" on_change="onchange_locales(locales)" />
						<field name="departamento" colspan="2" domain="[('locales','=',locales)]" attrs="{'invisible':[('locales','=',0)]}" />
						<newline />
						<field name="descripcion" colspan="4" />
						<newline />	
					</group>
					<field name="id_soporte" nolabel="1" readonly="1" />
				</form>
			</field>
		</record>

		<record id="vista_zar_arbol" model="ir.ui.view">
			<field name="name">lopd.zar.tree</field>
			<field name="model">lopd.zar</field>
			<field name="type">tree</field>
			<field name="arch" type="xml">
				<tree string="Zonas de acceso restringido registradas">
					<field name="name" />
					<field name="departamento" />
					<field name="locales" />
				</tree>
			</field>
		</record>

		<record id="accion_zar_arbol" model="ir.actions.act_window">
			<field name="name">Registro de zonas de acceso restringido</field>
			<field name="res_model">lopd.zar</field>
			<field name="view_type">form</field>
			<field name="view_mode">tree,form</field>
			<field name="domain">[]</field>
			<field name="help">Las zonas de acceso restringido (ZAR), son zonas a las que sólo tienen acceso personas autorizadas, deberá indicar al local y departamento al que pertenecen, así como aseignarles un nombre que las identifique, e incluir una breve descripción.</field>
		</record>
	
		<!-- //////////////////////////////////////////////////////////////////////////////////////// -->
		<!-- Soportes -->
		<!-- //////////////////////////////////////////////////////////////////////////////////////// -->

		<record id="vista_soportes_form" model="ir.ui.view">
			<field name="name">lopd.soportes.form</field>
			<field name="model">lopd.soportes</field>
			<field name="type">form</field>
			<field name="arch" type="xml">
				<form string="Registro de soportes">	
					<group colspan="4" col="8">
						<field name="name" />
						<field name="tipo" widget="selection" />
						<field name="f_alta" />
						<field name="f_baja" />
						<newline />
						<field name="reutil" />
						<field name="mdd" />
						<newline />
						<field name="locales" widget="selection" on_change="onchange_locales(locales)" />
						<field name="departamentos" attrs="{'invisible':[('locales','=',0)]}" domain="[('locales', '=', locales)]" on_change="onchange_departamentos(departamentos)" />
						<field name="en_zar" attrs="{'invisible':[('departamentos','=',0)]}" on_change="onchange_en_zar(en_zar)" />
						<field name="zar" attrs="{'invisible':[('en_zar','!=',1)], 'required':[('en_zar','=',1)]}" domain="[('departamento','=', departamentos)]" />
						<newline />
						<separator string="Descripción" colspan="4"/>
						<separator string="Tipo de información" colspan="4"/><newline />
						<field name="descripcion" colspan="4" nolabel="1" />
						<field name="tipo_info" colspan="4" nolabel="1" />
					</group>
					<newline />
				</form>
			</field>
		</record>

		<record id="vista_soportes_arbol" model="ir.ui.view">
			<field name="name">lopd.soportes.tree</field>
			<field name="model">lopd.soportes</field>
			<field name="type">tree</field>
			<field name="arch" type="xml">
				<tree string="Soportes registrados">
					<field name="name" />
					<field name="tipo" />
					<field name="f_alta" />
					<field name="reutil" />
					<field name="mdd" />
					<field name="en_zar" />
					<field name="zar" />
				</tree>
			</field>
		</record>

		<record id="accion_soportes_arbol" model="ir.actions.act_window">
			<field name="name">Registro de soportes</field>
			<field name="res_model">lopd.soportes</field>
			<field name="view_type">form</field>
			<field name="view_mode">tree,form</field>
			<field name="domain">[]</field>
			<field name="help">Deben ser registrados sólo los soportes que contengan datos de carácter personal y asignarles un nombre de identifiación única a cada uno Ej. HDD 01, PEN 01...&#xD;Se debe describir el soporte así como indicar el tipo de soporte y el tipo de datos que contiene, la fecha de alta y baja del mismo, indicar si es reutilizable o no, en que local y departamento se encuentra y si está en una Zona de Acceso Restringido o no.</field>
		</record>

	</data>
</openerp>


