<?xml version="1.0" encoding="utf-8"?>
<openerp>
	<data>
		<!-- //////////////////////////////////////////////////////////////////////////////////////// -->
		<!-- Extensión de la vista de recursos humanos -->
		<!-- //////////////////////////////////////////////////////////////////////////////////////// -->

		<record model="ir.ui.view" id="view_employee_form_ext">
		    <field name="name">hr.employee.form.ext</field>
		    <field name="model">hr.employee</field>
		    <field name="inherit_id" ref="hr.view_employee_form"/>
		    <field name="arch" type="xml">
		        <field name="parent_id" position="after">
					<newline />
	        		    <field name="f_alta"/>
        		    	<field name="f_baja"/>
        		</field>
				<page string="Personal Information" position="after">
					<!--
        		    <page string="Archivos" >

        		    </page>
					-->
        		    <page string="Relaciones" >
						<separator string="Relación Usuario-Equipo-Recurso/Programa" colspan="4" />
						<label string="Equipos relacionados con el usuario" colspan="4" />
						<field name="id_equipo" nolabel="1" colspan="4" />
						<newline />
						<label string="Recursos relacionados con el usuario" colspan="2" />
						<label string="Programas relacionados con el usuario" colspan="2" />
						<field name="id_recurso" nolabel="1" colspan="2" />
						<field name="id_programa" nolabel="1" colspan="2" />
        		    </page>						
				</page>
		    </field>
		</record>
		
		<record id="abrir_lista_empleados" model="ir.actions.act_window">
            <field name="name">Registro de empleados</field>
            <field name="res_model">hr.employee</field>
            <field name="view_type">form</field>
            <field name="view_mode">tree,form</field>
            <field name="domain">[]</field>
            <field name="context">{"search_default_department_id": department_id,"search_default_active":eval('True')}</field>
            <field name="view_id" ref="hr.view_employee_tree"/>
            <field name="search_view_id" ref="hr.view_employee_filter"/>
            <field name="help">Aquí puede gestionar los usuarios creando empleados y asignando propiedades específicas en el sistema. Mantenga la información realcionada con todos los empleados y haga el seguimiento de cualquier hecho que necesite ser registrado sobre ellos. La ficha con información personal le permitirá mantener la información sobre su identidad. Las ficha categorías le permite asignarles categorías de empleados en función de su puesto y actividades dentro de la compañía. Una categoría puede ser la antiguedad dentro de la compañía o departamento. La ficha hoja de servicios permite asignarles una hoja de servicios específica y un diario analítico donde podrán introducir tiempo en el sitema. En la ficha notas, puede introducir información, en formato texto libre, que debe ser guardada para un empleado en concreto.</field>
        </record>

	</data>
</openerp>


