<?xml version="1.0" encoding="utf-8"?>
<openerp>
	<data>

		<!-- //////////////////////////////////////////////////////////////////////////////////////// -->
		<!-- Copias de seguridad -->
		<!-- //////////////////////////////////////////////////////////////////////////////////////// -->
		
		<record id="vista_copia_seguridad_form" model="ir.ui.view">
		    <field name="name">lopd.copia.seguridad.form</field>
		    <field name="model">lopd.copia.seguridad</field>
			<field name="type">form</field>
			<field name="arch" type="xml">
				<form string="Copias de seguridad" >
					<group col="8">
						<label align="0.0" string="Seleccione el soporte en el que se realiza la copia:" colspan="8" />
						<newline/>
						<field name="id_soporte" nolabel="1"/>				
						<field name="fecha" />
						<field name="recuperacion" />
						<newline />
						<label string="Periodicidad" />
						<newline />
						<field name="periodicidad" nolabel="1" />
					</group>
				</form>
			</field>	
		</record>

		<record id="vista_copia_seguridad_arbol" model="ir.ui.view">
			<field name="name">lopd.copia.seguridad.tree</field>
			<field name="model">lopd.copia.seguridad</field>
			<field name="type">tree</field>
			<field name="arch" type="xml">
				<tree string="Copias de seguridad">
					<field name="id_soporte" />
					<field name="fecha" />
					<field name="periodicidad" />
				</tree>
			</field>
		</record>

		<record id="accion_copia_seguridad_form" model="ir.actions.act_window">
			<field name="name">Registro de copias de seguridad</field>
			<field name="res_model">lopd.copia.seguridad</field>
			<field name="view_type">form</field>
			<field name="view_mode">form, tree</field>
		</record>

		<record id="abrir_lista_copia_seguridad" model="ir.actions.act_window">
            <field name="name">Registro de copias de seguridad</field>
            <field name="res_model">lopd.copia.seguridad</field>
            <field name="view_type">form</field>
            <field name="view_mode">tree,form</field>
            <field name="domain">[]</field>
            <field name="help">Mediante este registro se mantendrá actualizado en el Documento de Seguridad todas las Copias de Seguridad que realice.&#xD;No olvide que la normativa vigente le obliga a realizarlas al menos una vez por semana.  
</field>
        </record>

		<!-- //////////////////////////////////////////////////////////////////////////////////////// -->
		<!-- Incidencias -->
		<!-- //////////////////////////////////////////////////////////////////////////////////////// -->
		<!--<record id="accion_incidencias" model="ir.actions.act_window">
			<field name="name">Registro de incidencias</field>
            <field name="type">ir.actions.act_window</field>
            <field name="res_model">project.issue</field>
            <field name="view_type">form</field>
        </record>
	    <menuitem name="Registro de incidencas" id="menu_incidencias"  parent="menu_mantenimientos"
            action="accion_incidencias" />-->

		<record id="vista_incidencias_form" model="ir.ui.view">
		    <field name="name">lopd.incidencias.form</field>
		    <field name="model">lopd.incidencias</field>
			<field name="type">form</field>
			<field name="arch" type="xml">
				<form string="Incidencias" >
					<group col="8">
						<field name="tipo" colspan="4"/>
						<field name="f_incidencia" />
						<field name="f_notificacion" />
						<newline />
						<field name="descripcion" colspan="8"/>
						<newline />
						<field name="notificada_por" colspan="6" />
						<field name="autorizacion" colspan="2"/>
						<newline />
						<field name="notificada_a" colspan="6" />
						<newline />
						<field name="efectos" colspan="6" />
						<field name="ejecuta" colspan="6" />
						<newline />
						<field name="datos_rest" colspan="6" />
						<field name="datos_manu" colspan="6" />
					</group>
				</form>
			</field>	
		</record>

		<record id="vista_incidencias_arbol" model="ir.ui.view">
			<field name="name">lopd.incidencias.tree</field>
			<field name="model">lopd.incidencias</field>
			<field name="type">tree</field>
			<field name="arch" type="xml">
				<tree string="Incidencias registradas">
					<field name="id"/>
					<field name="tipo" />
					<field name="f_notificacion" />
					<field name="f_incidencia" />
				</tree>
			</field>
		</record>

		<record id="accion_incidencias_form" model="ir.actions.act_window">
			<field name="name">Resgitrar incidencia</field>
			<field name="res_model">lopd.incidencias</field>
			<field name="view_type">form</field>
			<field name="view_mode">form, tree</field>
		</record>

		<record id="abrir_lista_incidencias" model="ir.actions.act_window">
            <field name="name">Registro de incidencias</field>
            <field name="res_model">lopd.incidencias</field>
            <field name="view_type">form</field>
            <field name="view_mode">tree,form</field>
            <field name="domain">[]</field>
            <field name="help">Mediante este registro se mantendrá actualizado en el Documento de Seguridad todas las Incidencias que pudieran producirse.&#xD;Complete los campos que le indica la Aplicación para mantener actualizado el Registro de Incidencias en el caso de que se produjeran.</field>
        </record>

		<!-- //////////////////////////////////////////////////////////////////////////////////////// -->
		<!-- Entradas de soportes -->
		<!-- //////////////////////////////////////////////////////////////////////////////////////// -->
		
		<record id="vista_entrada_soporte_form" model="ir.ui.view">
		    <field name="name">lopd.io.soporte.in.form</field>
		    <field name="model">lopd.io.soporte</field>
			<field name="type">form</field>
			<field name="arch" type="xml">
				<form string="Entradas" >
					<group col="8">
						<label align="0.0" string="Seleccione los soportes implicados:" colspan="8" />
						<newline />
						<group colspan="4">
							<field name="id_soporte" nolabel="1" colspan="4"  width="640"/>
						</group>
						<group colspan="4">
							<field name="nombre" string="Emisor" /><newline />
							<field name="fecha" string="Fecha de entrada y hora" colspan="2"/><newline />
							<field name="io_detalle" string="Forma de envio" /><newline />
							<field name="autorizacion" /><newline />
							<field name="id_empleado" string="Responsable de recepción" widget="selection" colspan="2" />
							<newline />
							<field name="io_mode" invisible="1" />
						</group>
					</group>
				</form>
			</field>	
		</record>

		<record id="vista_entrada_soporte_arbol" model="ir.ui.view">
			<field name="name">lopd.io.soporte.in.tree</field>
			<field name="model">lopd.io.soporte</field>
			<field name="type">tree</field>
			<field name="arch" type="xml">
				<tree string="Entradas registradas">
					<field name="nombre" string="Emisor" />
					<field name="fecha" string="Fecha de entrada y hora" />
				</tree>
			</field>
		</record>
<!--
		<record id="accion_entrada_soporte_form" model="ir.actions.act_window">
			<field name="name">Entrada de soporte</field>
			<field name="res_model">lopd.io.soporte</field>
			<field name="view_type">form</field>
			<field name="view_mode">form, tree</field>
		    <field name="view_id" ref="vista_entrada_soporte_form"/>
		</record>
-->
		<record id="abrir_lista_entrada_soporte" model="ir.actions.act_window">
            <field name="name">Registro de entradas de soportes</field>
            <field name="res_model">lopd.io.soporte</field>
            <field name="view_type">form</field>
            <field name="view_mode">tree,form</field>
		    <field name="view_id" ref="vista_entrada_soporte_arbol"/>
            <field name="domain">[('io_mode','=',1)]</field>
            <field name="context">{'io_mode':1}</field>
            <field name="help">Mediante este registro se mantendrá actualizado en el Documento de Seguridad todas las Entradas de Soportes que pudieran producirse.&#xD;Complete los campos que le indica la Aplicación para mantener actualizado el Registro de Entradas de Soportes en el caso de que se produjera alguna salida. </field>
        </record>

        <record id="accion_vista_arbol_entradas" model="ir.actions.act_window.view">
            <field eval="17" name="sequence"/>
            <field name="view_mode">tree</field>
            <field name="view_id" ref="vista_entrada_soporte_arbol"/>
            <field name="act_window_id" ref="abrir_lista_entrada_soporte"/>
        </record>
        <record id="accion_vista_formulario_entradas" model="ir.actions.act_window.view">
            <field eval="20" name="sequence"/>
            <field name="view_mode">form</field>
            <field name="view_id" ref="vista_entrada_soporte_form"/>
            <field name="act_window_id" ref="abrir_lista_entrada_soporte"/>
		</record>

		<!-- //////////////////////////////////////////////////////////////////////////////////////// -->
		<!-- Salidas de soportes -->
		<!-- //////////////////////////////////////////////////////////////////////////////////////// -->
		
		<record id="vista_salida_soporte_form" model="ir.ui.view">
		    <field name="name">lopd.io.soporte.out.form</field>
		    <field name="model">lopd.io.soporte</field>
			<field name="type">form</field>
			<field name="arch" type="xml">
				<form string="Salidas" >
					<group col="8">
						<group colspan="4">
							<field name="fecha" string="Fecha de salida y hora" />
							<newline />
							<field name="fecha_devolucion" />
							<newline />
							<field name="io_detalle" string="Finalidad de la salida" />
							<newline />
							<field name="id_empleado" string="Usuario" widget="selection" /><newline />
							<field name="autorizacion" /><newline />					
							<field name="nombre" string="Destinatario" />
						</group>
						<group colspan="4">
								<label align="0.0" string="Seleccione los soportes implicados:" /><newline/>
								<field name="id_soporte" nolabel="1" colspan="4" width="600" />
						</group>
						<newline />
						<field name="observaciones" colspan="8"/>
						<newline />
						<field name="io_mode" invisible="1" />
					</group>
				</form>
			</field>	
		</record>

		<record id="vista_salida_soporte_arbol" model="ir.ui.view">
			<field name="name">lopd.io.soporte.out.tree</field>
			<field name="model">lopd.io.soporte</field>
			<field name="type">tree</field>
			<field name="arch" type="xml">
				<tree string="Salidas registradas">
					<field name="io_detalle" string="Finalidad de la salida"/>
					<field name="fecha" string="Fecha de salida y hora" />
				</tree>
			</field>
		</record>
<!--
		<record id="accion_salida_soporte_form" model="ir.actions.act_window">
			<field name="name">Salida de soporte</field>
			<field name="res_model">lopd.io.soporte</field>
			<field name="view_type">form</field>
			<field name="view_mode">form, tree</field>
		    <field name="view_id" ref="vista_salida_soporte_form"/>
		</record>
-->
		<record id="abrir_lista_salida_soporte" model="ir.actions.act_window">
            <field name="name">Registro de salidas de soportes</field>
            <field name="res_model">lopd.io.soporte</field>
            <field name="view_type">form</field>
            <field name="view_mode">tree,form</field>
		    <field name="view_id" ref="vista_salida_soporte_arbol"/>
            <field name="domain">[('io_mode','=',0)]</field>
            <field name="context">{'io_mode':0}</field>
            <field name="help">Mediante este registro se mantendrá actualizado en el Documento de Seguridad todas las Entradas de Soportes que pudieran producirse.&#xD;Complete los campos que le indica la Aplicación para mantener actualizado el Registro de Entradas de Soportes en el caso de que se produjera alguna salida.</field>
        </record>

        <record id="accion_vista_arbol_salidas" model="ir.actions.act_window.view">
            <field eval="17" name="sequence"/>
            <field name="view_mode">tree</field>
            <field name="view_id" ref="vista_salida_soporte_arbol"/>
            <field name="act_window_id" ref="abrir_lista_salida_soporte"/>
        </record>
        <record id="accion_vista_formulario_salidas" model="ir.actions.act_window.view">
            <field eval="20" name="sequence"/>
            <field name="view_mode">form</field>
            <field name="view_id" ref="vista_salida_soporte_form"/>
            <field name="act_window_id" ref="abrir_lista_salida_soporte"/>
		</record>

	</data>
</openerp>


