<?xml version="1.0" encoding="utf-8"?>
<openerp>
<data noupdate="1">
    <record model="res.partner.canal" id="canal_web">
        <field name="name">Web</field>
    </record>
    <record model="res.partner.canal" id="canal_tlf">
        <field name="name">Telèfon</field>
    </record>
    <record model="res.partner.canal" id="canal_directo">
        <field name="name">Directe</field>
    </record>
    <record model="res.partner.canal" id="canal_email">
        <field name="name">E-mail</field>
    </record>
</data>
</openerp>
