<?xml version="1.0" encoding="utf-8"?>
<odoo>
    <data>
        <record id="email_template_birthday_wish" model="mail.template">
            <field name="name">Birthday Wish</field>
            <field name="model_id" ref="model_hr_employee"/>
            <field name="email_from">${(user.email)|safe}</field>
            <field name="email_to">${(object.email)}</field>
            <field name="subject">Birthday Wishes!!!</field>
                <field name="body_html"><![CDATA[
                <img src="/indian_payroll/static/src/img/birthday1.gif"/>
                <p> Wishing you the very best as you celebrate your big day. Happy Birthday to you from all of us!</p>
            
                <p>
                    We hope your birthday is the beginning of Another Great Year full of happiness.
                    Have a wonderful day!</p>
            ]]>
            </field>
        </record>
        
        <record model="mail.channel" id="channel_birthday">
            <field name="name">Birthday Wishes</field>
            <field name="group_ids" eval="[(4, ref('base.group_user'))]"/>
            <field name="description">Birthday notifications.</field>
        </record>

    </data>
</odoo>