<?xml version="1.0" encoding="utf-8"?>
<openerp>
    <data>

        <!-- Invoices -->

        <record id="invoice_tree_l10n_ES1" model="ir.ui.view">
            <field name="name">account.invoice.tree.l10n_ES1</field>
            <field name="model">account.invoice</field>
            <field name="type">tree</field>
            <field name="inherit_id" ref="account.invoice_tree"/>
            <field name="arch" type="xml">
                <field name="amount_untaxed" position="after">
                    <field name="amount_tax" sum="Tax amount"/>
                </field>
            </field>
        </record>

        <record id="invoice_tree_l10n_ES2" model="ir.ui.view">
            <field name="name">account.invoice.tree.l10n_ES2</field>
            <field name="model">account.invoice</field>
            <field name="type">tree</field>
            <field name="inherit_id" ref="account.invoice_tree"/>
            <field name="arch" type="xml">
                <field name="state" position="after">
                    <field name="fiscal_position" select="2"/>
                </field>
            </field>
        </record>

    </data>
</openerp>
