<?xml version="1.0" encoding="UTF-8"?>
<openerp>
	<data>

		<!-- =================================== Formulario de facturas de tesorería 
			=================================== -->

		<record model="ir.ui.view" id="l10n_es_tesoreria_facturas_tree_view">
			<field name="name">l10n.es.tesoreria.facturas.tree</field>
			<field name="model">l10n.es.tesoreria.facturas</field>
			<field name="type">tree</field>
			<field name="arch" type="xml">
				<tree string="Facturas" editable="bottom">
					<field name="fecha_vencimiento" />
					<field name="factura_id" />
					<field name="partner_id" />
					<field name="diario" />
					<field name="tipo_pago" />
					<field name="base" sum="Total Base" />
					<field name="impuesto" sum="Total Impuesto" />
					<field name="total" sum="Total" />
					<field name="pendiente" sum="Total Pendiente" />
					<field name="estado" />
				</tree>
			</field>
		</record>

		<!-- ====================================== Árbol de pagos periodicos de 
			tesorería ====================================== -->

		<record model="ir.ui.view" id="l10n_es_tesoreria_pagos_period_tree_view">
			<field name="name">l10n.es.tesoreria.pagos.period.tree</field>
			<field name="model">l10n.es.tesoreria.pagos.period</field>
			<field name="type">tree</field>
			<field name="arch" type="xml">
				<tree string="Pagos Periodicos" editable="bottom">
					<field name="fecha" />
					<field name="name" />
					<field name="partner_id" />
					<field name="importe" sum="Total Importe" />
				</tree>
			</field>
		</record>

		<!-- ========================================== Formulario de pagos variables 
			de tesorería ========================================== -->

		<record model="ir.ui.view" id="l10n_es_tesoreria_pagos_var_tree_view">
			<field name="name">l10n.es.tesoreria.pagos.var.tree</field>
			<field name="model">l10n.es.tesoreria.pagos.var</field>
			<field name="type">tree</field>
			<field name="arch" type="xml">
				<tree string="Pagos Variables" editable="bottom">
					<field name="fecha" />
					<field name="name" />
					<field name="partner_id" />
					<field name="importe" sum="Total Importe" />
				</tree>
			</field>
		</record>

		<!-- ========================================== Busqueda de tesorería ========================================== -->

		<record model="ir.ui.view" id="l10n_es_tesoreria_search_view">
			<field name="name">l10n.es.tesoreria.search</field>
			<field name="model">l10n.es.tesoreria</field>
			<field name="type">search</field>
			<field name="arch" type="xml">
				<search string="Previsiones de Tesorería">
					<field name="name" />
					<field name="inicio_validez" />
					<field name="fin_validez" />
				</search>
			</field>
		</record>
		
		<!-- ========================================== Árbol de saldos ========================================== -->

		<record model="ir.ui.view" id="l10n_es_tesoreria_saldos_tree_view">
			<field name="name">l10n.es.tesoreria.saldos.tree</field>
			<field name="model">l10n.es.tesoreria.saldos</field>
			<field name="type">tree</field>
			<field name="arch" type="xml">
				<tree string="Saldos por Tipo de Pago">
					<field name="name" />
					<field name="saldo" />
				</tree>
			</field>
		</record>

		<!-- ========================================== Árbol de tesorería ========================================== -->

		<record model="ir.ui.view" id="l10n_es_tesoreria_tree_view">
			<field name="name">l10n.es.tesoreria.tree</field>
			<field name="model">l10n.es.tesoreria</field>
			<field name="type">tree</field>
			<field name="arch" type="xml">
				<tree string="Previsiones de Tesorería">
					<field name="name" />
					<field name="inicio_validez" />
					<field name="fin_validez" />
				</tree>
			</field>
		</record>

		<!-- ========================================== Formulario de tesorería 
			========================================== -->

		<record model="ir.ui.view" id="l10n_es_tesoreria_form_view">
			<field name="name">l10n.es.tesoreria.form</field>
			<field name="model">l10n.es.tesoreria</field>
			<field name="type">form</field>
			<field name="arch" type="xml">
				<form string="Previsión de Tesorería">
					<group colspan="4">
						<field name="name" />
						<field name="plantilla" />
						<field name="inicio_validez" />
						<field name="fin_validez" />
					</group>
					<notebook colspan="4">
						<page string="Facturas Emitidas">
							<field name="facturas_emit" nolabel="1" />
						</page>
						<page string="Facturas Recibidas">
							<field name="facturas_rec" nolabel="1" />
						</page>
						<page string="Pagos Periodicos">
							<field name="pagos_period" nolabel="1" />
						</page>
						<page string="Pagos Variables">
							<field name="pagos_var" nolabel="1" />
						</page>
					</notebook>
					<group colspan="4">
						<field name="desglose_saldo" nolabel="1" colspan="4"/>
					</group>
					<group col="4" colspan="2">
						<separator string="Filtros" colspan="4" />
						<field name="check_draft" />
						<field name="check_proforma" />
						<field name="check_open" />
						<button name="button_calculate" string="Obtener Datos"
							type="object" icon="gtk-execute" colspan="2" />
					</group>
					<group col="4" colspan="2">
						<separator string="Cálculo" colspan="4" />
						<label string="" colspan="2"/>
						<field name="saldo_inicial" />
						<button name="button_saldo" string="Calcular Saldo" type="object"
							icon="gtk-execute" colspan="2"/>
						<field name="saldo_final" />
					</group>
				</form>
			</field>
		</record>

		<!-- ========================================== Acción de tesorería ========================================== -->

		<record id="action_account_tesoreria_form" model="ir.actions.act_window">
			<field name="name">Previsiones de Tesorería</field>
			<field name="res_model">l10n.es.tesoreria</field>
			<field name="view_type">form</field>
			<field name="view_mode">tree,form</field>
			<field name="help">Previsiones de tesorería</field>
		</record>

		<!-- ========================================== Menús de tesorería ========================================== -->

		<menuitem id="menu_finance_tesoreria" name="Previsión de Tesorería"
			parent="account.menu_finance" sequence="8" />
		<menuitem action="action_account_tesoreria_form" id="menu_action_account_tesoreria_form"
			parent="menu_finance_tesoreria" />

	</data>
</openerp>
