<openerp>
    <data>

        <record id="view_account_configuration_installer_inherit" model="ir.ui.view">
            <field name="name">account.installer.form</field>
            <field name="model">account.installer</field>
            <field name="type">form</field>
            <field name="inherit_id" ref="account.view_account_configuration_installer"/>
            <field name="arch" type="xml">
                <field name="period" position="after">
                    <field name="open_close_periods"/>
                </field>
            </field>
        </record>

        <!-- Fiscal Year -->
        <record id="view_account_fiscalyear_form_inherit" model="ir.ui.view">
            <field name="name">account.fiscalyear.form</field>
            <field name="model">account.fiscalyear</field>
            <field name="type">form</field>
            <field name="inherit_id" ref="account.view_account_fiscalyear_form"/>
            <field name="arch" type="xml">
                <button name="create_period3" position="after">
                    <button name="create_period_special" states="draft" string="Create Open, Close and PyG Periods" type="object" icon="terp-document-new"/>
                </button>
            </field>
        </record>

    </data>
</openerp>
    
