<?xml version="1.0" encoding="utf-8"?>
<openerp>
    <data>

        <record id="wkf_l10n_es_aeat_mod349_report" model="workflow">
            <field name="name">AEAT 349 Report</field>
            <field name="osv">l10n.es.aeat.mod349.report</field>
            <field name="on_create">True</field>
        </record>


        <!--
        ### NODES ###
        -->
        <record id="act_draft" model="workflow.activity">
            <field name="wkf_id" ref="wkf_l10n_es_aeat_mod349_report"/>
            <field name="flow_start">True</field>
            <field name="name">draft</field>
        </record>

        <record id="act_calculate" model="workflow.activity">
            <field name="wkf_id" ref="wkf_l10n_es_aeat_mod349_report"/>
            <field name="name">calculated</field>
            <field name="action">write({'state':'calculated'})</field>
            <field name="kind">function</field>
        </record>

        <record id="act_confirm" model="workflow.activity">
            <field name="wkf_id" ref="wkf_l10n_es_aeat_mod349_report"/>
            <field name="name">confirmed</field>
            <field name="action">wkf_confirm()</field>
            <field name="kind">function</field>
        </record>

        <record id="act_cancel" model="workflow.activity">
            <field name="wkf_id" ref="wkf_l10n_es_aeat_mod349_report"/>
            <field name="name">canceled</field>
            <field name="flow_stop">True</field>
            <field name="action">write({'state':'canceled'})</field>
            <field name="kind">function</field>
        </record>


        <!--
        ### TRANSITIONS ###
        -->
        <record id="trans_draft_calculate" model="workflow.transition">
            <field name="act_from" ref="act_draft"/>
            <field name="act_to" ref="act_calculate"/>
            <field name="signal">calculate</field>
        </record>

        <record id="trans_calculate_confirm" model="workflow.transition">
            <field name="act_from" ref="act_calculate"/>
            <field name="act_to" ref="act_confirm"/>
            <field name="signal">confirm</field>
        </record>

        <record id="trans_calculate_draft" model="workflow.transition">
            <field name="act_from" ref="act_calculate"/>
            <field name="act_to" ref="act_cancel"/>
            <field name="signal">cancel</field>
        </record>

        <record id="trans_confirm_cancel" model="workflow.transition">
            <field name="act_from" ref="act_confirm"/>
            <field name="act_to" ref="act_cancel"/>
            <field name="signal">cancel</field>
        </record>

    </data>
</openerp>
