<?xml version="1.0" encoding="utf-8"?>
<openerp>
    <data>

       <record id="view_l10n_cat_account_wizard" model="ir.ui.view">
            <field name="name">l10n_cat_account.wizard</field>
            <field name="model">l10n_cat_account.wizard</field>
            <field name="type">form</field>
            <field name="arch" type="xml">
                <form string="Account templates from Spanish to Catalan">
                    <label colspan="4" string="Are you sure you want to translate the account templates from Spanish to Catalan?"/>
                    <group col="2" colspan="2">
                        <button icon="gtk-cancel" name="action_skip" string="Skip" type="object" special="cancel"/>
                        <button icon="gtk-ok" name="action_translate" string="Translate" type="object"/>
                    </group>
                </form>
            </field>
        </record>

        <record id="action_l10n_cat_account_wizard" model="ir.actions.act_window">
            <field name="name">Account templates from Spanish to Catalan</field>
            <field name="type">ir.actions.act_window</field>
            <field name="res_model">l10n_cat_account.wizard</field>
            <field name="view_type">form</field>
            <field name="view_mode">form</field>
            <field name="target">new</field>
        </record>
        
        <!-- register on configuration -->
        <record id="config_wizard_l10n_cat_account" model="ir.actions.todo">
            <field name="name">Account templates from Spanish to Catalan</field>
            <field name="note">Translate the name of the account templates from Spanish to Catalan.</field>
            <field name="action_id" ref="action_l10n_cat_account_wizard"/>
            <field name="sequence">20</field>
        </record>

    </data>
</openerp>
