<?xml version="1.0" encoding="utf-8"?>
<openerp>
    <data noupdate="1">
        <!-- Sequences for Model 340 -->
        <record id="seq_type_mod340" model="ir.sequence.type">
            <field name="name">Model 340 - Sequence registry</field>
            <field name="code">mod340</field>
        </record>
        <record id="seq_mod340" model="ir.sequence">
            <field name="name">Model 340 - Sequence registry</field>
            <field name="code">mod340</field>
            <field name="prefix"></field>
            <field name="padding">1</field>
        </record>
    </data>
</openerp>