﻿<?xml version="1.0" encoding="utf-8"?>
<openerp>
<data noupdate="1">

    #
    # Sequences for partner code
    #

    <record model="ir.sequence.type" id="seq_type_partner_seq">
        <field name="name">Partner code</field>
        <field name="code">res.partner</field>
    </record>
    <record model="ir.sequence" id="seq_partner_seq">
        <field name="name">Partner Sequence</field>
        <field name="code">res.partner</field>
        <field name="prefix">NP</field>
        <field name="padding">5</field>
        <field name="number_next">101</field>
    </record>

</data>
</openerp>
