<?xml version="1.0" encoding="utf-8"?>
<openerp>
	<data>
		<record id="view_nomina_empleado_form" model="ir.ui.view">
			<field name="name">hr.employee.nomina.form</field>
			<field name="model">hr.employee</field>
			<field name="type">form</field>
			<field name="inherit_id" ref="hr.view_employee_form"/>
			<field name="arch" type="xml">
				<page string="Personal Information" position="after">
					<page string="Salario">
						<field name="cuenta_id" readonly="0" colspan="4"/>
						<notebook colspan="4">
							<page string="Retribución Nomina">
								<field name="retribucion_bruta"/>
								<field name="irpf"/>
								<field name="ss_empresa"/>
								<field name="ss_trabajador"/>
							</page>
							<page string="Pagas Extra">
								<field name="retribucion_bruta_extra"/>
								<field name="irpf_extra"/>
								<field name="ss_empresa_extra"/>
								<field name="ss_trabajador_extra"/>
							</page>
						</notebook>
					</page>
					<page string="Nóminas">
						<field name="nominas_ids" nolabel="1"/>
					</page>
					<page string="Anticipos">
						<field name="anticipos_ids" nolabel="1"/>
					</page>
				</page>
			</field>
		</record>

		<record id="view_nomina_form" model="ir.ui.view">
			<field name="name">hr.nomina.form</field>
			<field name="model">hr.nomina</field>
			<field name="type">form</field>
			<field name="arch" type="xml">
				<form string="Nómina">
					<field name="employee_id"  readonly="1" colspan="4"/>
					<field name="numero" readonly="1"/>
					<field name="fecha_nomina" readonly="1"/>
					<field name="extra" readonly="1"/>
					<notebook colspan="4">
						<page string="Nómina">
							<field name="retribucion_bruta" attrs="{'readonly':[('state','!=','borrador')]}"/>
							<field name="irpf" attrs="{'readonly':[('state','!=','borrador')]}"/>
							<field name="ss_empresa" attrs="{'readonly':[('state','!=','borrador')]}"/>
							<field name="ss_trabajador" attrs="{'readonly':[('state','!=','borrador')]}"/>
							<field name="asiento_nomina_confirmada"/>
							<field name="asiento_nomina_pagada"/>
						</page>
					</notebook>
					<field name="state" colspan="4"/>
					<newline/>
					<button name="confirmar_nomina" string="Confirmar Nómina" type="object" states="borrador" colspan="4"/>
					<button name="cancelar_nomina" string="Cancelar" type="object" states="confirmada" colspan="2"/>
					<button name="pagar_nomina" string="Pagar Nómina" type="object" states="confirmada" colspan="2"/>
				</form>
			</field>
		</record>

		<record id="view_nomina_tree" model="ir.ui.view">
			<field name="name">hr.nomina.tree</field>
			<field name="model">hr.nomina</field>
			<field name="type">tree</field>
			<field name="arch" type="xml">
				<tree string="Nóminas">
					<field name="fecha_nomina"/>
					<field name="employee_id"/>
					<field name="numero"/>
					<field name="extra"/>
					<field name="retribucion_bruta"/>
					<field name="state"/>
				</tree>
			</field>
		</record>

		<record id="view_nomina_search" model="ir.ui.view">
			<field name="name">hr.nomina.search</field>
			<field name="model">hr.nomina</field>
			<field name="type">search</field>
			<field name="arch" type="xml">
				<search string="Payroll Search">
					<group col='15' colspan='4'>
						<filter icon="terp-document-new" string="Draft" domain="[('state','=','borrador')]" help="Payroll State Draft."/>
						<filter icon="terp-camera_test" string="Confirmed" domain="[('state','=','confirmada')]" help="Payroll State Confirmed."/>
						<filter icon="terp-dolar" string="Paid" domain="[('state','=','pagada')]" help="Payroll State Paid."/>
						<filter icon="terp-dialog-close" string="Cancelled" domain="[('state','=','cancelada')]" help="Payroll State Cancelled."/>
						<separator orientation="vertical"/>
						<field name="fecha_nomina"/>
						<field name="employee_id"/>
						<field name="numero"/>
						<field name="extra"/>
						<field name="retribucion_bruta"/>
					</group>
					<newline/>
					<group expand="0" string="Group by..." groups="base.group_extended" col='15' colspan='4'>
						<filter icon="terp-go-month" string="Payroll Date" domain="[]" context="{'group_by':'fecha_nomina'}"/>
						<filter icon="terp-personal" string="Employee" domain = "[]" context="{'group_by':'employee_id'}"/>
						<separator orientation="vertical"/>
						<filter icon="terp-stock_effects-object-colorize" string="State" domain="[]" context="{'group_by':'state'}"/>
					</group>
				</search>
			</field>
		</record>

		<record id="view_nomina_action" model="ir.actions.act_window">
			<field name="name">Nóminas</field>
			<field name="type">ir.actions.act_window</field>
			<field name="res_model">hr.nomina</field>
			<field name="view_type">form</field>
			<field name="view_mode">tree,form</field>
			<field name="view_id" ref="view_nomina_tree"/>
		</record>

		<record id="view_anticipo_form" model="ir.ui.view">
			<field name="name">hr.anticipo.form</field>
			<field name="model">hr.anticipo</field>
			<field name="type">form</field>
			<field name="arch" type="xml">
				<form string="Anticipo de Nómina">
					<field name="employee_id"  colspan="4"/>
					<field name="fecha_anticipo"/>
					<notebook colspan="4">
						<page string="Anticipo">
							<field name="cantidad" attrs="{'readonly':[('state','!=','borrador')]}"/>
							<field name="asiento_anticipo"/>
						</page>
					</notebook>
					<field name="state" colspan="4"/>
					<newline/>
					<button name="confirmar_anticipo" string="Confirmar Anticipo" type="object" states="borrador" colspan="4"/>
					<button name="cancelar_anticipo" string="Cancelar Anticipo" type="object" states="confirmado" colspan="2"/>
					<button name="pagar_anticipo" string="Pagar Anticipo" type="object" states="confirmado" colspan="2"/>
				</form>
			</field>
		</record>

		<record id="view_anticipo_tree" model="ir.ui.view">
			<field name="name">hr.anticipo.tree</field>
			<field name="model">hr.anticipo</field>
			<field name="type">tree</field>
			<field name="arch" type="xml">
				<tree string="Anticipo">
					<field name="fecha_anticipo"/>
					<field name="employee_id"/>
					<field name="cantidad"/>
					<field name="state"/>
				</tree>
			</field>
		</record>

		<record id="view_anticipo_search" model="ir.ui.view">
			<field name="name">hr.anticipo.search</field>
			<field name="model">hr.anticipo</field>
			<field name="type">search</field>
			<field name="arch" type="xml">
				<search string="Advance Search">
					<group col='15' colspan='4'>
						<filter icon="terp-document-new" string="Draft" domain="[('state','=','borrador')]" help="Advance State Draft."/>
						<filter icon="terp-camera_test" string="Confirmed" domain="[('state','=','confirmado')]" help="Advance State Confirmed."/>
						<filter icon="terp-dolar" string="Paid" domain="[('state','=','pagado')]" help="Advance State Paid."/>
						<filter icon="terp-dialog-close" string="Cancelled" domain="[('state','=','cancelado')]" help="Advance State Cancelled."/>
						<separator orientation="vertical"/>
						<field name="fecha_anticipo"/>
						<field name="employee_id"/>
						<field name="cantidad"/>
					</group>
					<newline/>
					<group expand="0" string="Group by..." groups="base.group_extended" col='15' colspan='4'>
						<filter icon="terp-go-month" string="Advance Date" domain="[]" context="{'group_by':'fecha_anticipo'}"/>
						<filter icon="terp-personal" string="Employee" domain = "[]" context="{'group_by':'employee_id'}"/>
						<separator orientation="vertical"/>
						<filter icon="terp-stock_effects-object-colorize" string="State" domain="[]" context="{'group_by':'state'}"/>
					</group>
				</search>
			</field>
		</record>

		<record id="view_anticipo_action" model="ir.actions.act_window">
			<field name="name">Anticipos</field>
			<field name="type">ir.actions.act_window</field>
			<field name="res_model">hr.anticipo</field>
			<field name="view_type">form</field>
			<field name="view_mode">tree,form</field>
			<field name="view_id" ref="view_anticipo_tree"/>
		</record>

		<record id="view_company_nomina_inherit_form" model="ir.ui.view">
			<field name="name">res.company.nominas.form</field>
			<field name="model">res.company</field>
			<field name="type">form</field>
			<field name="inherit_id" ref="base.view_company_form"/>
			<field name="arch" type="xml">
				<page string="Configuration" position="inside">
					<separator string="Configuración Cuentas Nóminas" colspan="4"/>
					<field name="diario_destino"/>
					<field name="cuenta_ss_empresa"/>
					<field name="cuenta_ss_acreedores"/>
					<field name="cuenta_hacienda_publica"/>
					<field name="cuenta_pendientes_pago"/>
					<field name="cuenta_bancos"/>
					<field name="cuenta_anticipos"/>
				</page>
			</field>
		</record>

		<menuitem id="menu_nomina" parent="hr.menu_hr_root" icon="terp-hr" name="Nóminas y anticipos"/>

		<!--Nóminas-->
		<menuitem id="menu_ver_nominas" parent="menu_nomina" action="view_nomina_action"/>

		<!--Anticipos-->
		<menuitem id="menu_ver_anticipos" parent="menu_nomina" action="view_anticipo_action"/>

	</data>
</openerp>