<?xml version="1.0" encoding="utf-8"?>
<!--
#
#    OpenERP - Spanish Fiscal Year Closing
#    Copyright (C) 2009 Pexego Sistemas Informáticos. All Rights Reserved
#    $Id$
#
#    This program is free software: you can redistribute it and/or modify
#    it under the terms of the GNU General Public License as published by
#    the Free Software Foundation, either version 3 of the License, or
#    (at your option) any later version.
#
#    This program is distributed in the hope that it will be useful,
#    but WITHOUT ANY WARRANTY; without even the implied warranty of
#    MERCHANTABILITY or FITNESS FOR A PARTICULAR PURPOSE.  See the
#    GNU General Public License for more details.
#
#    You should have received a copy of the GNU General Public License
#    along with this program.  If not, see <http://www.gnu.org/licenses/>.
#
-->
<!--
Spanish Fiscal Year Closing wizard workflow.

Author: Borja López Soilán (Pexego) - borja@kami.es
-->
<openerp>
    <data>
        <!-- *** Nodes ***************************************************** -->

        <record model="workflow" id="wkf_fyc">
            <field name="name">Spanish Fiscal Year Closing workflow</field>
            <field name="osv">l10n_es_fiscal_year_closing.fyc</field>
            <field name="on_create">True</field>
        </record>


        <record model="workflow.activity" id="act_new">
            <field name="wkf_id" ref="wkf_fyc"/>
            <field name="flow_start">True</field>
            <field name="name">new</field>
        </record>

        <record model="workflow.activity" id="act_draft">
            <field name="wkf_id" ref="wkf_fyc"/>
            <field name="name">draft</field>
            <field name="action">action_draft()</field>
            <field name="kind">function</field>
        </record>

        <record model="workflow.activity" id="act_progress">
            <field name="wkf_id" ref="wkf_fyc"/>
            <field name="name">in_progress</field>
            <field name="action">action_run()</field>
            <field name="kind">function</field>
        </record>

        <record model="workflow.activity" id="act_confirm">
            <field name="wkf_id" ref="wkf_fyc"/>
            <field name="name">confirmed</field>
            <field name="action">action_confirm()</field>
            <field name="kind">function</field>
        </record>

        <record model="workflow.activity" id="act_cancel">
            <field name="wkf_id" ref="wkf_fyc"/>
            <field name="name">canceled</field>
            <field name="flow_stop">True</field>
            <field name="action">action_cancel()</field>
            <field name="kind">function</field>
        </record>


        <!-- *** Transitions *********************************************** -->

        <record model="workflow.transition" id="trans_new_draft">
            <field name="act_from" ref="act_new"/>
            <field name="act_to" ref="act_draft"/>
            <field name="signal">draft</field>
        </record>

        <record model="workflow.transition" id="trans_draft_progress">
            <field name="act_from" ref="act_draft"/>
            <field name="act_to" ref="act_progress"/>
            <field name="signal">run</field>
        </record>

        <record model="workflow.transition" id="trans_progress_progress">
            <field name="act_from" ref="act_progress"/>
            <field name="act_to" ref="act_progress"/>
            <field name="signal">run</field>
        </record>

        <record model="workflow.transition" id="trans_progress_confirm">
            <field name="act_from" ref="act_progress"/>
            <field name="act_to" ref="act_confirm"/>
            <field name="signal">confirm</field>
        </record>

        <record model="workflow.transition" id="trans_progress_cancel">
            <field name="act_from" ref="act_progress"/>
            <field name="act_to" ref="act_cancel"/>
            <field name="signal">cancel</field>
        </record>

        <record model="workflow.transition" id="trans_confirm_cancel">
            <field name="act_from" ref="act_confirm"/>
            <field name="act_to" ref="act_cancel"/>
            <field name="signal">cancel</field>
        </record>

    </data>
</openerp>
