<?xml version="1.0" encoding="utf-8"?>
<openerp>
    <data>

        <!--
        Extends the list, form and search views of account templates,
        tax templates, tax codes templates and fiscal positions templates
        to show the account chart template that they belong
        -->

        <!-- Account Templates -->
        <record id="view_account_template_search" model="ir.ui.view">
            <field name="name">account.account.template.search</field>
            <field name="model">account.account.template</field>
            <field name="type">search</field>
            <field name="inherit_id" ref="account.view_account_template_search"/>
            <field name="arch" type="xml">
                <field name="user_type" position="after">
                    <field name="chart_template_id"/>
                </field>
            </field>
        </record>

        <record id="view_account_template_tree" model="ir.ui.view">
            <field name="name">account.account.template.tree</field>
            <field name="model">account.account.template</field>
            <field name="type">tree</field>
            <field name="inherit_id" ref="account.view_account_template_tree"/>
            <field name="arch" type="xml">
                <field name="name" position="after">
                    <field name="chart_template_id"/>
                </field>
            </field>
        </record>


        <!-- Account Tax Templates -->
        <record id="view_account_tax_template_tree" model="ir.ui.view">
            <field name="name">account.tax.template.tree</field>
            <field name="model">account.tax.template</field>
            <field name="type">tree</field>
            <field name="inherit_id" ref="account.view_account_tax_template_tree"/>
            <field name="arch" type="xml">
                <field name="description" position="after">
                    <field name="chart_template_id"/>
                </field>
            </field>
        </record>


        <!-- Account Tax Code Templates -->
        <record id="view_tax_code_template_search" model="ir.ui.view">
            <field name="name">account.tax.code.template.search</field>
            <field name="model">account.tax.code.template</field>
            <field name="type">search</field>
            <field name="inherit_id" ref="account.view_tax_code_template_search"/>
            <field name="arch" type="xml">
                <field name="parent_id" position="after">
                    <field name="chart_template_id"/>
                </field>
            </field>
        </record>

        <record id="view_tax_code_template_tree" model="ir.ui.view">
            <field name="name">account.tax.code.template.tree</field>
            <field name="model">account.tax.code.template</field>
            <field name="type">tree</field>
            <field name="inherit_id" ref="account.view_tax_code_template_tree"/>
            <field name="arch" type="xml">
                <field name="code" position="after">
                    <field name="chart_template_id"/>
                </field>
            </field>
        </record>

        <record id="view_tax_code_template_form" model="ir.ui.view">
            <field name="name">account.tax.code.template.form</field>
            <field name="model">account.tax.code.template</field>
            <field name="type">form</field>
            <field name="inherit_id" ref="account.view_tax_code_template_form"/>
            <field name="arch" type="xml">
                <field name="name" position="before">
                    <field name="chart_template_id"/>
                    <newline/>
                </field>
            </field>
        </record>


     	<!-- Fiscal Position Templates -->
        <record id="view_account_position_template_search" model="ir.ui.view">
            <field name="name">account.fiscal.position.template.search</field>
            <field name="model">account.fiscal.position.template</field>
            <field name="type">search</field>
            <field name="inherit_id" ref="account.view_account_position_template_search"/>
            <field name="arch" type="xml">
                <field name="name" position="after">
                    <field name="chart_template_id"/>
                </field>
            </field>
        </record>

        <record id="view_account_position_template_tree" model="ir.ui.view">
            <field name="name">account.fiscal.position.template.tree</field>
            <field name="model">account.fiscal.position.template</field>
            <field name="type">tree</field>
            <field name="inherit_id" ref="account.view_account_position_template_tree"/>
            <field name="arch" type="xml">
                <field name="name" position="after">
                    <field name="chart_template_id"/>
                </field>
            </field>
        </record>

    </data>
</openerp>
