<?xml version="1.0" encoding="utf-8"?>
<openerp>
    <data>
<!-- Add "region" field to partner_address form -->
        <record model="ir.ui.view" id="view_partner_address_region1">
            <field name="name">res.partner.address.region</field>
            <field name="model">res.partner.address</field>
            <field name="type">form</field>
            <field name="inherit_id" ref="base.view_partner_address_form1"/>
            <field name="arch" type="xml">
                <field name="state_id" position="before">
                    <field name="region"/>
                </field>
            </field>
        </record>
        
        <record model="ir.ui.view" id="view_partner_address_region2">
            <field name="name">res.partner.address.region</field>
            <field name="model">res.partner.address</field>
            <field name="type">form</field>
            <field name="inherit_id" ref="base.view_partner_address_form2"/>
            <field name="arch" type="xml">
                <field name="state_id" position="before">
                    <field name="region"/>
                </field>
            </field>
        </record>
        
        <record model="ir.ui.view" id="view_partner_address_region3">
            <field name="name">res.partner.region</field>
            <field name="model">res.partner</field>
            <field name="type">form</field>
            <field name="inherit_id" ref="base.view_partner_form"/>
            <field name="arch" type="xml">
                <field name="state_id" position="before">
                    <field name="region"/>
                </field>
            </field>
        </record>


<!-- Region -->
<record model="ir.ui.view" id="view_country_region_tree">
    <field name="name">res.country.region.tree</field>
    <field name="model">res.country.region</field>
            <field name="type">tree</field>
            <field name="arch" type="xml">
                <tree string="Region">
                    <field name="country_id"/>
                    <field name="name"/>
                    <field name="code"/>
                </tree>
            </field>
        </record>

        <record model="ir.ui.view" id="view_country_region_form">
            <field name="name">res.country.region.form</field>
            <field name="model">res.country.region</field>
            <field name="type">form</field>
            <field name="arch" type="xml">
                <form string="Region">
                    <field name="country_id" select="1"/>
                    <field name="name" select="1"/>
                    <field name="code" select="1"/>
                </form>
            </field>
        </record>

        <record model="ir.actions.act_window" id="action_country_region">
            <field name="name">Region</field>
            <field name="type">ir.actions.act_window</field>
            <field name="res_model">res.country.region</field>
            <field name="view_type">form</field>
            <field name="view_id" ref="view_country_region_tree"/>
        </record>

        <menuitem name="Regions" parent="base.menu_localisation" action="action_country_region" id="menu_country_region"/>

    </data>
</openerp>
